<?xml version="1.0" encoding="utf-8"?>
<exercice>
	<unite>
	  <nom>vide</nom>
	  <nom2>vide</nom2>
	  <fichierImage>PP1</fichierImage>
	  <fichierLogo></fichierLogo>
	  <categorie>-ait</categorie>
	  <conversionSI></conversionSI>
	  <commentaire>vide</commentaire>
	  <symboleUnite></symboleUnite>
	  <exposantUnite> </exposantUnite>
	</unite>
	<unite>
	  <nom>vide</nom>
	  <nom2>vide</nom2>
	  <fichierImage>PP2</fichierImage>
	  <fichierLogo></fichierLogo>
	  <categorie>-er</categorie>
	  <conversionSI></conversionSI>
	  <commentaire>vide</commentaire>
	  <symboleUnite></symboleUnite>
	  <exposantUnite> </exposantUnite>
	</unite>
	<unite>
	  <nom>vide</nom>
	  <nom2>vide</nom2>
	  <fichierImage>PP3</fichierImage>
	  <fichierLogo></fichierLogo>
	  <categorie>-ais</categorie>
	  <conversionSI></conversionSI>
	  <commentaire>vide</commentaire>
	  <symboleUnite></symboleUnite>
	  <exposantUnite> </exposantUnite>
	</unite>
	<unite>
	  <nom>vide</nom>
	  <nom2>vide</nom2>
	  <fichierImage>PP4</fichierImage>
	  <fichierLogo></fichierLogo>
	  <categorie>-er</categorie>
	  <conversionSI></conversionSI>
	  <commentaire>vide</commentaire>
	  <symboleUnite></symboleUnite>
	  <exposantUnite> </exposantUnite>
	</unite>
	<unite>
	  <nom>vide</nom>
	  <nom2>vide</nom2>
	  <fichierImage>PP5</fichierImage>
	  <fichierLogo></fichierLogo>
	  <categorie>-é(es)</categorie>
	  <conversionSI></conversionSI>
	  <commentaire>vide</commentaire>
	  <symboleUnite></symboleUnite>
	  <exposantUnite> </exposantUnite>
	</unite>
	<unite>
	  <nom>vide</nom>
	  <nom2>vide</nom2>
	  <fichierImage>PP6</fichierImage>
	  <fichierLogo></fichierLogo>
	  <categorie>-ais</categorie>
	  <conversionSI></conversionSI>
	  <commentaire>vide</commentaire>
	  <symboleUnite></symboleUnite>
	  <exposantUnite> </exposantUnite>
	</unite>
	<unite>
	  <nom>vide</nom>
	  <nom2>vide</nom2>
	  <fichierImage>PP7</fichierImage>
	  <fichierLogo></fichierLogo>
	  <categorie>-ai</categorie>
	  <conversionSI></conversionSI>
	  <commentaire>vide</commentaire>
	  <symboleUnite></symboleUnite>
	  <exposantUnite> </exposantUnite>
	</unite>
	<unite>
	  <nom>vide</nom>
	  <nom2>vide</nom2>
	  <fichierImage>PP8</fichierImage>
	  <fichierLogo></fichierLogo>
	  <categorie>-ait</categorie>
	  <conversionSI></conversionSI>
	  <commentaire>vide</commentaire>
	  <symboleUnite></symboleUnite>
	  <exposantUnite> </exposantUnite>
	</unite>
	<unite>
	  <nom>vide</nom>
	  <nom2>vide</nom2>
	  <fichierImage>PP9</fichierImage>
	  <fichierLogo></fichierLogo>
	  <categorie>-é(es)</categorie>
	  <conversionSI></conversionSI>
	  <commentaire>vide</commentaire>
	  <symboleUnite></symboleUnite>
	  <exposantUnite> </exposantUnite>
	</unite>
	<unite>
	  <nom>vide</nom>
	  <nom2>vide</nom2>
	  <fichierImage>PP10</fichierImage>
	  <fichierLogo></fichierLogo>
	  <categorie>-ez</categorie>
	  <conversionSI></conversionSI>
	  <commentaire>vide</commentaire>
	  <symboleUnite></symboleUnite>
	  <exposantUnite> </exposantUnite>
	</unite>
	<unite>
	  <nom>vide</nom>
	  <nom2>vide</nom2>
	  <fichierImage>PP11</fichierImage>
	  <fichierLogo></fichierLogo>
	  <categorie>-ez</categorie>
	  <conversionSI></conversionSI>
	  <commentaire>vide</commentaire>
	  <symboleUnite></symboleUnite>
	  <exposantUnite> </exposantUnite>
	</unite>
	<unite>
	  <nom>vide</nom>
	  <nom2>vide</nom2>
	  <fichierImage>PP12</fichierImage>
	  <fichierLogo></fichierLogo>
	  <categorie>-ai</categorie>
	  <conversionSI></conversionSI>
	  <commentaire>vide</commentaire>
	  <symboleUnite></symboleUnite>
	  <exposantUnite> </exposantUnite>
	</unite>
</exercice>