<?xml version="1.0" encoding="utf-8"?>
<exercice>
	<unite>
	  <nom>vide</nom>
	  <nom2>vide</nom2>
	  <fichierImage>SUJ1</fichierImage>
	  <fichierLogo></fichierLogo>
	  <categorie>on_ne_peut pas_savoir</categorie>
	  <conversionSI></conversionSI>
	  <commentaire>vide</commentaire>
	  <symboleUnite></symboleUnite>
	  <exposantUnite> </exposantUnite>
	</unite>
	<unite>
	  <nom>vide</nom>
	  <nom2>vide</nom2>
	  <fichierImage>SUJ2</fichierImage>
	  <fichierLogo></fichierLogo>
	  <categorie>féminin pluriel</categorie>
	  <conversionSI></conversionSI>
	  <commentaire>vide</commentaire>
	  <symboleUnite></symboleUnite>
	  <exposantUnite> </exposantUnite>
	</unite>
	<unite>
	  <nom>vide</nom>
	  <nom2>vide</nom2>
	  <fichierImage>SUJ3</fichierImage>
	  <fichierLogo></fichierLogo>
	  <categorie>masculin pluriel</categorie>
	  <conversionSI></conversionSI>
	  <commentaire>vide</commentaire>
	  <symboleUnite></symboleUnite>
	  <exposantUnite> </exposantUnite>
	</unite>
	<unite>
	  <nom>vide</nom>
	  <nom2>vide</nom2>
	  <fichierImage>SUJ4</fichierImage>
	  <fichierLogo></fichierLogo>
	  <categorie>féminin singulier</categorie>
	  <conversionSI></conversionSI>
	  <commentaire>vide</commentaire>
	  <symboleUnite></symboleUnite>
	  <exposantUnite> </exposantUnite>
	</unite>
	<unite>
	  <nom>vide</nom>
	  <nom2>vide</nom2>
	  <fichierImage>SUJ5</fichierImage>
	  <fichierLogo></fichierLogo>
	  <categorie>on_ne_peut pas_savoir</categorie>
	  <conversionSI></conversionSI>
	  <commentaire>vide</commentaire>
	  <symboleUnite></symboleUnite>
	  <exposantUnite> </exposantUnite>
	</unite>
	<unite>
	  <nom>vide</nom>
	  <nom2>vide</nom2>
	  <fichierImage>SUJ6</fichierImage>
	  <fichierLogo></fichierLogo>
	  <categorie>masculin singulier</categorie>
	  <conversionSI></conversionSI>
	  <commentaire>vide</commentaire>
	  <symboleUnite></symboleUnite>
	  <exposantUnite> </exposantUnite>
	</unite>
	<unite>
	  <nom>vide</nom>
	  <nom2>vide</nom2>
	  <fichierImage>SUJ7</fichierImage>
	  <fichierLogo></fichierLogo>
	  <categorie>masculin pluriel</categorie>
	  <conversionSI></conversionSI>
	  <commentaire>vide</commentaire>
	  <symboleUnite></symboleUnite>
	  <exposantUnite> </exposantUnite>
	</unite>
	<unite>
	  <nom>vide</nom>
	  <nom2>vide</nom2>
	  <fichierImage>SUJ8</fichierImage>
	  <fichierLogo></fichierLogo>
	  <categorie>féminin singulier</categorie>
	  <conversionSI></conversionSI>
	  <commentaire>vide</commentaire>
	  <symboleUnite></symboleUnite>
	  <exposantUnite> </exposantUnite>
	</unite>
	<unite>
	  <nom>vide</nom>
	  <nom2>vide</nom2>
	  <fichierImage>SUJ9</fichierImage>
	  <fichierLogo></fichierLogo>
	  <categorie>masculin singulier</categorie>
	  <conversionSI></conversionSI>
	  <commentaire>vide</commentaire>
	  <symboleUnite></symboleUnite>
	  <exposantUnite> </exposantUnite>
	</unite>
	<unite>
	  <nom>vide</nom>
	  <nom2>vide</nom2>
	  <fichierImage>SUJ10</fichierImage>
	  <fichierLogo></fichierLogo>
	  <categorie>féminin pluriel</categorie>
	  <conversionSI></conversionSI>
	  <commentaire>vide</commentaire>
	  <symboleUnite></symboleUnite>
	  <exposantUnite> </exposantUnite>
	</unite>
	<unite>
	  <nom>vide</nom>
	  <nom2>vide</nom2>
	  <fichierImage>SUJ11</fichierImage>
	  <fichierLogo></fichierLogo>
	  <categorie>masculin pluriel</categorie>
	  <conversionSI></conversionSI>
	  <commentaire>vide</commentaire>
	  <symboleUnite></symboleUnite>
	  <exposantUnite> </exposantUnite>
	</unite>
	<unite>
	  <nom>vide</nom>
	  <nom2>vide</nom2>
	  <fichierImage>SUJ12</fichierImage>
	  <fichierLogo></fichierLogo>
	  <categorie>on_ne_peut pas_savoir</categorie>
	  <conversionSI></conversionSI>
	  <commentaire>vide</commentaire>
	  <symboleUnite></symboleUnite>
	  <exposantUnite> </exposantUnite>
	</unite>
</exercice>